{
  "MACRO:Macro regime changed: TRANSITIONING \u2192 RISK-ON": 1784613440.3028073,
  "MACRO:Macro regime changed: RISK-ON \u2192 TRANSITIONING": 1784607491.6669703
}