{
  "US2Y:US2Y yield moved +13.7bps HIGHER": 1783439348.0116773,
  "MACRO:Macro regime changed: RISK-ON \u2192 TRANSITIONING": 1783524451.3563616
}