{
  "MACRO:Macro regime changed: TRANSITIONING \u2192 RISK-ON": 1784665419.5787385,
  "MACRO:Macro regime changed: RISK-ON \u2192 TRANSITIONING": 1784735253.7029612
}