{
  "MACRO:Macro regime changed: TRANSITIONING \u2192 RISK-ON": 1783930911.406621,
  "MACRO:Macro regime changed: RISK-ON \u2192 TRANSITIONING": 1783936677.20298
}