{
  "MACRO:Macro regime changed: TRANSITIONING \u2192 RISK-ON": 1784563000.447064,
  "MACRO:Macro regime changed: RISK-ON \u2192 TRANSITIONING": 1784607491.6669703
}