{
  "MACRO:Macro regime changed: RISK-ON \u2192 TRANSITIONING": 1783524451.3563616,
  "MACRO:Macro regime changed: TRANSITIONING \u2192 RISK-ON": 1783532707.6833797
}