{
  "MACRO:Macro regime changed: TRANSITIONING \u2192 RISK-ON": 1784665397.965542,
  "MACRO:Macro regime changed: RISK-ON \u2192 TRANSITIONING": 1784642717.8064191
}