{
  "MACRO:Macro regime changed: RISK-ON \u2192 TRANSITIONING": 1783694400.636192,
  "MACRO:Macro regime changed: TRANSITIONING \u2192 RISK-ON": 1783697574.453578
}