{
  "MACRO:Macro regime changed: TRANSITIONING \u2192 RISK-ON": 1784020243.351091,
  "MACRO:Macro regime changed: RISK-ON \u2192 TRANSITIONING": 1784028548.5117006
}